sorted_names,sorted_RGBcolors
edc9df272ba8f3408a6e0b8adca77aab,"(2, 2, 2)"
8bffe092134cac84ac5affab4fb9b738,"(8, 5, 4)"
2c27fde2ab88cfa75ff0ec8af468c03a,"(12, 4, 4)"
d737259b476c60f33b9c0a6e36b962de,"(20, 5, 4)"
eb3793fe21d9ea837eb5e1f619bda67b,"(21, 10, 7)"
41bad729417d7af185e7489178310dfa,"(17, 14, 10)"
agra,"(43, 8, 7)"
59551ed285befcb00e9d52a65a005f2a,"(32, 20, 11)"
mandm,"(51, 24, 24)"
2ced5b9e3a461eddadaefbcb3a48f7e4,"(38, 30, 24)"
f90d03c14377bb18e26081ee8eecd20d,"(38, 31, 24)"
7cb42d4b9c922e42e320d444bae3aeef,"(45, 30, 27)"
raccoon,"(36, 34, 34)"
1ac16d30075fa0376a1b09746bb10d78,"(63, 30, 17)"
peach2,"(83, 27, 22)"
fcdcaec392bea800e9e877c24acccca4,"(103, 40, 15)"
c96ef05a5cb7423c9a29873ae792a231,"(109, 40, 23)"
plumas,"(129, 38, 36)"
a5231680454b32cf7c34d19d7f55bf91,"(101, 59, 35)"
erizo,"(73, 67, 63)"
shining,"(102, 61, 31)"
puebla,"(189, 45, 14)"
peach,"(178, 54, 52)"
9997722fca0d9535d58ed23bb43a49ad,"(139, 73, 8)"
flo,"(125, 72, 69)"
kies,"(225, 52, 52)"
4cbcedb66cc1d0fec86dc3d06db891de,"(151, 88, 65)"
succulent,"(128, 108, 99)"
bee,"(162, 106, 7)"
02bb378e6e9873fde79c1a69c7ecf8f8,"(140, 109, 72)"
2df432f958ac518069cfd3a592e3b541,"(234, 90, 2)"
e9db0256563f8993255dc142de6dcee1,"(223, 90, 59)"
039e7bb6dce1ad2337a0e0bcdcdcd787,"(156, 116, 41)"
cf35b8c2292609733eac88c8c773e507,"(166, 120, 11)"
35c9863931e6843b7db51093681993b6,"(204, 108, 39)"
bf6d88b006dea8fe4749532be444e194,"(191, 110, 83)"
fa08db9daab426f271d2e23512bf060c,"(239, 110, 5)"
335ce1b16bb35f1da669f606e0eaece2,"(184, 126, 45)"
28c848151a54b63dd07543b3fcb346ae,"(187, 132, 78)"
0260fbd3496b705242809fffdcf42cca,"(157, 145, 114)"
window,"(199, 157, 3)"
13bec163e54e53c03e0658da9c981067,"(235, 140, 90)"
051420d36c08cd54e5fb758d9c47db20,"(238, 150, 6)"
860b2f41c9fafd2d6c186ab4174c537c,"(202, 164, 29)"
nuez,"(206, 158, 104)"
net,"(208, 158, 120)"
flowers,"(239, 159, 14)"
39f8aea99c809561c61016acc1f36fcd,"(195, 165, 126)"
holo,"(183, 171, 158)"
57e67d67e291578d6b244d0a6d0dc3f7,"(226, 173, 16)"
pist,"(181, 175, 164)"
8881e2f9bc476775f8d5b2df27604fe0,"(212, 170, 114)"
cca564af33d4d1dfc916e7653c29bbd9,"(200, 177, 142)"
ic,"(191, 184, 155)"
van,"(215, 179, 138)"
lima,"(246, 181, 10)"
pf,"(251, 180, 54)"
pan,"(206, 188, 183)"
reflection,"(228, 193, 116)"
0b813c3ff57ebc81d55e8ccd1dc21788,"(231, 204, 73)"
siames,"(218, 214, 212)"
pipe,"(218, 215, 212)"
68788d484729dc0297da343a0afe835e,"(251, 219, 98)"
a191ed2cd2a83fbce3540fba2c0474a1,"(249, 221, 102)"
09ebb694f9c66991467684098da547c2,"(235, 235, 235)"
per,"(242, 237, 237)"
75bdbb88471277b3e4a4d2fd7dd510e4,"(246, 245, 244)"
tea,"(224, 247, 201)"
banana,"(241, 232, 139)"
08e073a91433365f86c2cac626e165bd,"(215, 215, 210)"
2190f8084bc57bd5832a650392614a5d,"(237, 213, 32)"
gr,"(192, 211, 143)"
0a8616ebe57d001669e7c22bafdf3b22,"(152, 175, 68)"
thread,"(146, 159, 85)"
but,"(110, 145, 86)"
matcha2,"(100, 140, 35)"
9076164a8e03125d6d1c40601dc6313b,"(89, 105, 72)"
cffe0dea4bd51d87d82cf82996e3ec99,"(33, 48, 11)"
638d3fc4ecd8471815769a763fd436c4,"(30, 34, 27)"
5e5eba5253f6afad8db6662a31d65872,"(32, 32, 18)"
nemo,"(11, 18, 7)"
5ed104747032281d9e8a49366c2f694b,"(11, 14, 3)"
d072cb092a6b5e3e5e9746ff42a928e3,"(7, 11, 3)"
matcha,"(7, 8, 3)"
av,"(8, 13, 8)"
0e11868a7e6a459af2f92249a04a138c,"(9, 26, 10)"
9445d79d9575b5db7318fb3ccf4c013b,"(8, 33, 5)"
69a872bc4c08e4590caad30182014186,"(13, 45, 31)"
throne,"(37, 57, 42)"
aa2eb5ce06b14a426986fbe839c86034,"(22, 78, 16)"
tile,"(73, 136, 76)"
cacti,"(74, 161, 112)"
peters,"(194, 200, 196)"
blossom,"(229, 232, 230)"
cat,"(232, 236, 237)"
coc,"(220, 223, 225)"
e0359d39b49ceada8ee56fb23b52825b,"(96, 204, 219)"
68320e05c6b538567d454c1bfd21f143,"(172, 175, 175)"
b9c74a0e0fdcd787ec37c69161aacef0,"(110, 166, 192)"
tibet,"(114, 163, 146)"
82985b25b31316e21158c66c89c93d63,"(115, 155, 145)"
83b1cfe71ae67176bf98186859eb4555,"(24, 111, 94)"
teal,"(10, 107, 96)"
sp,"(44, 88, 82)"
6bf7bb6ba078ffb96fa1bf7dc73d28a0,"(39, 86, 67)"
lea,"(6, 55, 50)"
tropical,"(22, 28, 26)"
lea2,"(9, 22, 19)"
bjork2,"(3, 3, 4)"
3eb5ddb4aebd19816bb664b28b9df0fc,"(2, 3, 10)"
e74d123b69763dd689bc899ca04cc174,"(8, 5, 19)"
umbrella,"(6, 8, 23)"
afd05affb8ee9a16f8cd55ac30cfd969,"(10, 12, 22)"
mos,"(20, 22, 30)"
denim,"(21, 23, 38)"
fe7e1edbcda543fc2d7e3dc4bf54c5fe,"(4, 60, 120)"
7c5c1b29e2321f5d03aa42c3baaa0507,"(38, 65, 139)"
f5a9c5dfafd3e3d014512200e4cca865,"(44, 66, 148)"
73fa52b1a13aa3578de598bfd1a3721d,"(48, 112, 245)"
india,"(58, 113, 208)"
350ecf9416b807877ec2acf132e6df28,"(120, 103, 234)"
morr,"(150, 153, 170)"
ac144eb4fe749a4c231bbe874f0dd1ea,"(166, 175, 186)"
5d00f445b8dd9eabd4b2193155d1db9e,"(192, 199, 215)"
f1e8062cf312a021194fa5a28c3b521e,"(208, 210, 213)"
bal,"(202, 211, 225)"
c1c53edc23ce20380fe348a76770c104,"(214, 218, 222)"
zaan,"(208, 220, 231)"
mango,"(227, 227, 235)"
lamp,"(239, 238, 242)"
1bd9b38e59eabb23abbcda38a323c8e9,"(240, 242, 247)"
heart,"(243, 243, 244)"
06df28fbcf3ddb7eae63f69ebfce177f,"(227, 218, 227)"
jap,"(192, 142, 190)"
89d941360a52ba0481dedf47b0d36b3c,"(124, 37, 163)"
027222a1267aa4237522aaebc5ede520,"(92, 26, 137)"
96a5bda36aee92754d0a50ca2e4024ab,"(111, 16, 148)"
res,"(48, 41, 50)"
b0b4c98f40aa3757ca1e044f7c212393,"(23, 13, 35)"
4cce5f10e307d2c1e501938389db9fa0,"(11, 6, 13)"
gar,"(14, 8, 11)"
bjork,"(18, 13, 14)"
hazelnuts,"(24, 12, 17)"
eb3720c19c9058aa321df37e5c82b67a,"(121, 7, 20)"
9faa0909c6e6f741c42c27abbe32f861,"(157, 2, 3)"
ic2,"(93, 47, 59)"
fe4b3fd1e2b748a8ada85ab8bdd06ef0,"(181, 20, 59)"
aa89e981b6a63fa8a1fa253d68c7a2a3,"(158, 83, 95)"
gf,"(249, 65, 105)"
cake,"(142, 104, 125)"
jean,"(240, 79, 123)"
ed23db930a46036042876c93e8892035,"(216, 92, 148)"
69fefa7cdef63f003286c2c0a8064d7c,"(177, 128, 136)"
ajo,"(174, 132, 160)"
99fafc0e66a78fdede1bfda2872d7b36,"(206, 138, 168)"
ceb,"(214, 137, 182)"
mousse,"(168, 157, 164)"
oct,"(205, 158, 162)"
a2cbb62b458a8eb342231de5b825015c,"(205, 168, 180)"
mallows,"(232, 190, 199)"
373cc3217e11b7059d0ec44b1480f617,"(236, 191, 193)"
aecd3acf09c5bf0772ab0a913a4e7eeb,"(235, 196, 202)"
sea,"(226, 208, 212)"
b64b285fd18e272b85043332f06fb499,"(237, 219, 225)"
